genero,ranking,nome,percentual_ibge,frequencia_ibge,presente_na_Letra_da_Musica
feminino,1,maria,6.0195,12224470,sim
feminino,2,ana,1.9352,3929951,sim
feminino,3,francisca,0.3258,661582,sim
feminino,4,julia,0.3182,646239,sim
feminino,5,antonia,0.2723,552951,sim
feminino,6,juliana,0.2643,536687,sim
feminino,7,adriana,0.2629,533801,sim
feminino,8,fernanda,0.2564,520705,sim
feminino,9,marcia,0.2561,520013,sim
feminino,10,patricia,0.2458,499140,sim
feminino,11,amanda,0.2431,493672,sim
feminino,12,alice,0.2394,486261,sim
feminino,13,leticia,0.239,485276,sim
feminino,14,aline,0.2374,482105,sim
feminino,15,laura,0.2372,481684,sim
feminino,16,bruna,0.2283,463671,sim
feminino,17,mariana,0.2213,449511,sim
feminino,18,jessica,0.2209,448574,sim
feminino,19,sandra,0.2197,446251,sim
feminino,20,beatriz,0.2177,442164,sim
feminino,21,vitoria,0.2165,439735,sim
feminino,22,camila,0.2143,435131,sim
feminino,23,larissa,0.2139,434295,sim
feminino,24,gabriela,0.204,414280,sim
feminino,25,luciana,0.1995,405212,sim
feminino,26,vanessa,0.1952,396406,sim
feminino,27,helena,0.1794,364336,sim
feminino,28,luana,0.1792,363896,sim
feminino,29,isabela,0.1757,356804,sim
feminino,30,vera,0.165,335119,sim
feminino,31,claudia,0.1648,334771,sim
feminino,32,renata,0.1601,325226,sim
feminino,33,sonia,0.1588,322514,sim
feminino,34,simone,0.1588,322476,sim
feminino,35,eliane,0.1586,322020,sim
feminino,36,debora,0.158,320855,sim
feminino,37,rafaela,0.1555,315866,sim
feminino,38,rita,0.1518,308189,sim
feminino,39,cristiane,0.1501,304925,sim
feminino,40,sara,0.1493,303268,sim
feminino,41,carla,0.1489,302454,sim
feminino,42,rosangela,0.1451,294635,sim
feminino,43,natalia,0.1447,293818,sim
feminino,44,luiza,0.1422,288853,sim
feminino,45,jaqueline,0.1416,287620,sim
feminino,46,sofia,0.1406,285593,sim
feminino,47,daniela,0.1402,284770,sim
feminino,48,raquel,0.1384,281105,sim
feminino,49,andreia,0.138,280327,sim
feminino,50,lara,0.1377,279582,sim
feminino,51,bianca,0.1361,276327,sim
feminino,52,fabiana,0.1344,272904,sim
feminino,53,josefa,0.1342,272555,sim
feminino,54,livia,0.1323,268746,sim
feminino,55,angela,0.1319,267964,sim
feminino,56,marlene,0.1311,266320,sim
feminino,57,lorena,0.1241,252047,sim
feminino,58,rosa,0.1239,251622,sim
feminino,59,lucia,0.1218,247365,sim
feminino,60,aparecida,0.1207,245113,sim
feminino,61,elaine,0.1186,240909,sim
feminino,62,raimunda,0.1173,238196,sim
feminino,63,joana,0.1168,237131,sim
feminino,64,alessandra,0.1161,235788,sim
feminino,65,terezinha,0.1156,234835,sim
feminino,66,yasmin,0.1148,233109,sim
feminino,67,flavia,0.1133,230003,sim
feminino,68,daniele,0.113,229506,sim
feminino,69,thais,0.1106,224533,sim
feminino,70,priscila,0.1103,224045,sim
feminino,71,marina,0.1092,221672,sim
feminino,72,regina,0.1075,218224,sim
feminino,73,viviane,0.1073,217889,sim
feminino,74,luzia,0.1044,211968,sim
feminino,75,isabel,0.1041,211344,sim
feminino,76,paula,0.1035,210188,sim
feminino,77,silvana,0.1021,207329,sim
feminino,78,sophia,0.1019,207003,sim
feminino,79,isadora,0.1014,205999,sim
feminino,80,sueli,0.1008,204637,sim
feminino,81,daiane,0.0986,200260,sim
feminino,82,erica,0.0986,200236,sim
feminino,83,milena,0.098,198919,sim
feminino,84,caroline,0.0958,194588,sim
feminino,85,tatiane,0.0953,193618,sim
feminino,86,janaina,0.0953,193562,sim
feminino,87,andressa,0.0947,192320,sim
feminino,88,valentina,0.0946,192120,sim
feminino,89,monica,0.0937,190313,sim
feminino,90,marta,0.0927,188267,sim
feminino,91,michele,0.0917,186219,sim
feminino,92,sabrina,0.0915,185782,sim
feminino,93,solange,0.091,184827,sim
feminino,94,geovana,0.0905,183855,sim
feminino,95,edna,0.0898,182374,sim
feminino,96,marli,0.0892,181069,sim
feminino,97,barbara,0.089,180783,sim
feminino,98,eduarda,0.0888,180295,sim
feminino,99,silvia,0.0886,180013,sim
feminino,100,manuela,0.0872,177023,sim
feminino,101,rosana,0.0866,175967,sim
feminino,102,ester,0.0862,175085,sim
feminino,103,carolina,0.0856,173794,sim
feminino,104,valeria,0.0844,171434,sim
feminino,105,eliana,0.084,170590,sim
feminino,106,cecilia,0.0839,170395,sim
feminino,107,heloisa,0.0835,169602,sim
feminino,108,nicole,0.0831,168771,sim
feminino,109,lais,0.0804,163322,sim
feminino,110,anna,0.0804,163178,sim
feminino,111,cristina,0.0802,162876,sim
feminino,112,celia,0.0798,161963,sim
feminino,113,tereza,0.0793,161130,sim
feminino,114,rebeca,0.0787,159837,sim
feminino,115,andrea,0.0786,159718,sim
feminino,116,katia,0.0773,157037,sim
feminino,117,tania,0.0773,156895,sim
feminino,118,denise,0.0758,153838,sim
feminino,119,elisangela,0.0753,152968,sim
feminino,120,roseli,0.0753,152860,não
feminino,121,marilene,0.075,152256,não
feminino,122,yasmim,0.075,152242,sim
feminino,123,brenda,0.0743,150927,sim
feminino,124,gisele,0.0737,149629,sim
feminino,125,fatima,0.0732,148689,sim
feminino,126,eva,0.0719,146016,sim
feminino,127,marcela,0.0709,144030,sim
feminino,128,roberta,0.0696,141352,sim
feminino,129,emily,0.0687,139493,sim
feminino,130,pamela,0.0681,138310,sim
feminino,131,raissa,0.0671,136314,sim
feminino,132,luciene,0.0667,135522,sim
feminino,133,giovana,0.0665,135055,sim
feminino,134,josiane,0.0643,130538,sim
feminino,135,ingrid,0.0641,130162,sim
feminino,136,tatiana,0.0633,128449,sim
feminino,137,gabriele,0.0619,125777,sim
feminino,138,clara,0.0619,125690,sim
feminino,139,isabella,0.0617,125369,sim
feminino,140,talita,0.0617,125314,sim
feminino,141,emilly,0.0613,124520,sim
feminino,142,vania,0.0612,124373,sim
feminino,143,vilma,0.061,123809,sim
feminino,144,melissa,0.0598,121438,sim
feminino,145,alana,0.0593,120393,sim
feminino,146,eloa,0.0593,120383,sim
feminino,147,tais,0.0588,119492,sim
feminino,148,karina,0.0587,119186,sim
feminino,149,tamires,0.0585,118847,sim
feminino,150,kelly,0.0583,118412,sim
feminino,151,cintia,0.0581,118050,sim
feminino,152,mirian,0.0577,117261,sim
feminino,153,angelica,0.057,115655,sim
feminino,154,ivone,0.0553,112266,sim
feminino,155,veronica,0.0549,111467,sim
feminino,156,samara,0.0546,110963,sim
feminino,157,elza,0.0545,110617,sim
feminino,158,rosilene,0.0544,110428,não
feminino,159,elisa,0.0543,110329,sim
feminino,160,irene,0.0537,109091,sim
feminino,161,franciele,0.0532,108102,sim
feminino,162,lilian,0.0528,107126,sim
feminino,163,eloisa,0.0527,107047,sim
feminino,164,taina,0.0518,105162,sim
feminino,165,luisa,0.0516,104726,sim
feminino,166,isabele,0.0503,102238,sim
feminino,167,sarah,0.0492,99916,sim
feminino,168,neuza,0.0492,99837,sim
feminino,169,joice,0.049,99502,sim
feminino,170,cicera,0.049,99448,não
feminino,171,agatha,0.0489,99231,sim
feminino,172,lavinia,0.0488,99082,não
feminino,173,mayara,0.0487,98876,sim
feminino,174,janete,0.0482,97800,sim
feminino,175,neide,0.0466,94722,sim
feminino,176,elizabete,0.0465,94499,sim
feminino,177,selma,0.0465,94368,sim
feminino,178,cleide,0.0463,94102,sim
feminino,179,leila,0.0463,93969,sim
feminino,180,neusa,0.046,93447,sim
feminino,181,isis,0.0459,93254,sim
feminino,182,sebastiana,0.0454,92300,sim
feminino,183,benedita,0.0451,91595,sim
feminino,184,regiane,0.0446,90578,sim
feminino,185,alexandra,0.0442,89744,sim
feminino,186,joelma,0.0437,88655,sim
feminino,187,iara,0.0433,87978,sim
feminino,188,marilia,0.0428,86992,sim
feminino,189,margarida,0.0427,86801,sim
feminino,190,giovanna,0.0427,86645,sim
feminino,191,nathalia,0.0427,86632,sim
feminino,192,marinalva,0.0422,85729,sim
feminino,193,marisa,0.0422,85691,sim
feminino,194,alicia,0.0413,83866,sim
feminino,195,maiara,0.0413,83841,sim
feminino,196,erika,0.0412,83674,sim
feminino,197,mariane,0.0407,82748,sim
feminino,198,clarice,0.0407,82747,sim
feminino,199,paloma,0.0406,82383,sim
feminino,200,luciane,0.0402,81706,não
feminino,201,liliane,0.0402,81557,sim
feminino,202,mara,0.0398,80796,sim
feminino,203,nair,0.0397,80678,sim
feminino,204,victoria,0.0396,80521,sim
feminino,205,teresinha,0.0393,79853,sim
feminino,206,lidiane,0.0391,79502,sim
feminino,207,lucilene,0.039,79238,não
feminino,208,emanuele,0.039,79207,sim
feminino,209,eunice,0.039,79160,sim
feminino,210,cleonice,0.0389,79097,sim
feminino,211,raiane,0.0389,79087,sim
feminino,212,sheila,0.0389,78925,sim
feminino,213,severina,0.0388,78712,sim
feminino,214,karen,0.0381,77367,sim
feminino,215,poliana,0.0381,77287,sim
feminino,216,diana,0.0379,76962,sim
feminino,217,rosane,0.0376,76357,sim
feminino,218,jenifer,0.0374,76044,sim
feminino,219,lidia,0.0374,75949,sim
feminino,220,karine,0.0365,74085,sim
feminino,221,maisa,0.0365,74059,sim
feminino,222,suelen,0.0363,73802,sim
feminino,223,miriam,0.0363,73664,sim
feminino,224,ariane,0.0361,73402,sim
feminino,225,conceicao,0.0357,72496,sim
feminino,226,elizangela,0.0356,72285,não
feminino,227,tainara,0.0354,71848,sim
feminino,228,catarina,0.035,71032,sim
feminino,229,suzana,0.0349,70888,sim
feminino,230,isabelly,0.0348,70735,sim
feminino,231,luna,0.0347,70477,sim
feminino,232,joyce,0.0347,70459,sim
feminino,233,rosimeire,0.0346,70285,não
feminino,234,eliene,0.0345,69975,não
feminino,235,elizabeth,0.0344,69793,sim
feminino,236,monique,0.0343,69602,sim
feminino,237,ivonete,0.0341,69331,sim
feminino,238,andreza,0.0339,68846,sim
feminino,239,nilza,0.0339,68836,não
feminino,240,jane,0.0339,68811,sim
feminino,241,iraci,0.0336,68155,sim
feminino,242,cleusa,0.0335,68081,sim
feminino,243,edilene,0.0335,67992,sim
feminino,244,geralda,0.0334,67866,sim
feminino,245,carmem,0.0333,67649,sim
feminino,246,ines,0.0333,67648,sim
feminino,247,evelin,0.0332,67364,não
feminino,248,dalva,0.0331,67296,sim
feminino,249,iracema,0.033,67071,sim
feminino,250,zilda,0.0326,66109,sim
feminino,251,izabel,0.0324,65713,sim
feminino,252,nayara,0.0322,65355,sim
feminino,253,naiara,0.0321,65201,sim
feminino,254,ayla,0.032,65043,sim
feminino,255,adriele,0.0317,64280,não
feminino,256,daiana,0.0315,63918,sim
feminino,257,cassia,0.0314,63691,sim
feminino,258,mirela,0.0314,63674,sim
feminino,259,jussara,0.0313,63605,sim
feminino,260,evelyn,0.0313,63573,sim
feminino,261,jamile,0.0313,63480,não
feminino,262,eliete,0.0312,63408,sim
feminino,263,vanda,0.0311,63101,sim
feminino,264,agata,0.031,62925,sim
feminino,265,lucimar,0.0307,62302,sim
feminino,266,manoela,0.0306,62077,sim
feminino,267,rayane,0.0305,61852,sim
feminino,268,teresa,0.0303,61432,sim
feminino,269,paola,0.0302,61327,sim
feminino,270,keila,0.0301,61215,não
feminino,271,ellen,0.0301,61200,sim
feminino,272,emanuelly,0.0298,60557,não
feminino,273,elisabete,0.0298,60466,não
feminino,274,joseane,0.0295,60001,não
feminino,275,esther,0.0292,59235,sim
feminino,276,maite,0.0291,59138,sim
feminino,277,gislaine,0.0287,58184,sim
feminino,278,lourdes,0.0283,57536,sim
feminino,279,catia,0.0281,57100,sim
feminino,280,claudete,0.028,56932,sim
feminino,281,juliane,0.0279,56668,sim
feminino,282,valdirene,0.0277,56181,não
feminino,283,deise,0.0274,55697,sim
feminino,284,olivia,0.0272,55166,sim
feminino,285,danielle,0.027,54916,sim
feminino,286,vivian,0.0268,54444,sim
feminino,287,rayssa,0.0267,54149,sim
feminino,288,isabelle,0.0267,54132,sim
feminino,289,elizete,0.0265,53755,sim
feminino,290,karla,0.0264,53647,sim
feminino,291,fabiola,0.0264,53583,sim
feminino,292,iris,0.0263,53503,sim
feminino,293,telma,0.0263,53315,sim
feminino,294,camile,0.0258,52313,sim
feminino,295,valquiria,0.0257,52268,sim
feminino,296,maira,0.0255,51853,sim
feminino,297,lurdes,0.0255,51792,sim
feminino,298,ilda,0.0255,51703,não
feminino,299,elen,0.0255,51701,sim
feminino,300,odete,0.0252,51210,sim
feminino,301,carina,0.0252,51206,sim
feminino,302,pietra,0.025,50791,sim
feminino,303,dayane,0.0249,50520,sim
feminino,304,rejane,0.0249,50485,sim
feminino,305,gabrielly,0.0248,50448,sim
feminino,306,arlete,0.0247,50260,sim
feminino,307,rute,0.0247,50174,sim
feminino,308,eliza,0.0246,49857,sim
feminino,309,fabiane,0.0242,49231,sim
feminino,310,luzinete,0.0242,49131,sim
feminino,311,graziele,0.024,48811,não
feminino,312,michelle,0.0238,48403,sim
feminino,313,leidiane,0.0236,47903,não
feminino,314,carmen,0.0236,47901,sim
feminino,315,ruth,0.0234,47509,sim
feminino,316,anne,0.0234,47438,sim
feminino,317,emili,0.0233,47339,sim
feminino,318,zelia,0.0231,46840,sim
feminino,319,helen,0.023,46794,sim
feminino,320,nadia,0.023,46661,não
feminino,321,elena,0.0229,46512,sim
feminino,322,roseane,0.0229,46477,não
feminino,323,rosiane,0.0229,46406,não
feminino,324,lucimara,0.0227,46114,sim
feminino,325,samira,0.0227,46074,sim
feminino,326,marilda,0.0224,45584,sim
feminino,327,adriane,0.0224,45537,sim
feminino,328,nubia,0.0223,45363,sim
feminino,329,angelina,0.022,44591,sim
feminino,330,glaucia,0.0219,44573,não
feminino,331,lucineia,0.0219,44494,não
feminino,332,silvania,0.0218,44368,sim
feminino,333,tamara,0.0218,44335,sim
feminino,334,liz,0.0218,44322,sim
feminino,335,nadir,0.0216,43892,sim
feminino,336,geovanna,0.0216,43818,sim
feminino,337,geni,0.0215,43693,sim
feminino,338,dirce,0.0215,43653,sim
feminino,339,kauane,0.0215,43640,não
feminino,340,mariza,0.0215,43582,sim
feminino,341,suely,0.0214,43447,sim
feminino,342,estela,0.0213,43352,sim
feminino,343,jandira,0.0213,43279,sim
feminino,344,ligia,0.0213,43160,sim
feminino,345,damiana,0.0212,43050,sim
feminino,346,sirlene,0.0211,42908,não
feminino,347,yara,0.0211,42799,sim
feminino,348,lucineide,0.021,42587,sim
feminino,349,shirley,0.0209,42494,sim
feminino,350,maristela,0.0207,42053,sim
feminino,351,alzira,0.0207,42052,sim
feminino,352,ivete,0.0206,41884,sim
feminino,353,gabrielle,0.0206,41813,sim
feminino,354,rosilda,0.0205,41694,não
feminino,355,margarete,0.0205,41678,sim
feminino,356,iolanda,0.0205,41665,sim
feminino,357,jeane,0.0204,41530,não
feminino,358,salete,0.0204,41471,sim
feminino,359,ane,0.0203,41250,sim
feminino,360,gessica,0.0203,41234,sim
feminino,361,silmara,0.0202,41103,sim
feminino,362,rosalina,0.0202,41069,sim
feminino,363,cleuza,0.0201,40798,não
feminino,364,elenice,0.0201,40778,não
feminino,365,celina,0.02,40686,sim
feminino,366,emilia,0.02,40521,sim
feminino,367,rose,0.0199,40462,sim
feminino,368,sirlei,0.0199,40361,sim
feminino,369,ivanete,0.0198,40109,não
feminino,370,amelia,0.0196,39826,sim
feminino,371,rosineide,0.0195,39639,não
feminino,372,jennifer,0.0195,39545,sim
feminino,373,emanuelle,0.0195,39541,sim
feminino,374,graziela,0.0194,39422,sim
feminino,375,gloria,0.0193,39236,sim
feminino,376,izabela,0.0193,39118,sim
feminino,377,madalena,0.0192,38991,sim
feminino,377,josilene,0.0192,38991,sim
feminino,379,creuza,0.0191,38864,sim
feminino,380,hellen,0.0191,38767,sim
feminino,381,aurora,0.0191,38719,sim
feminino,382,manuella,0.0189,38469,não
feminino,383,thalita,0.0189,38453,sim
feminino,384,valdete,0.0189,38322,não
feminino,385,stefany,0.0188,38262,não
feminino,386,norma,0.0187,37942,sim
feminino,387,laila,0.0187,37902,sim
feminino,388,hilda,0.0186,37717,sim
feminino,389,milene,0.0185,37647,sim
feminino,390,iasmin,0.0185,37639,sim
feminino,391,iasmim,0.0185,37574,não
feminino,392,olga,0.0184,37273,sim
feminino,393,nilda,0.0183,37152,não
feminino,394,cristiana,0.0181,36733,sim
feminino,395,gabrieli,0.0181,36732,não
feminino,396,noemia,0.0179,36422,sim
feminino,397,lindalva,0.0179,36299,sim
feminino,398,edina,0.0178,36213,não
feminino,399,ivani,0.0178,36163,não
feminino,400,marinete,0.0178,36136,sim
feminino,401,vanusa,0.0177,35989,sim
feminino,402,estefani,0.0177,35861,não
feminino,403,leandra,0.0176,35839,sim
feminino,404,karoline,0.0176,35651,sim
feminino,405,laisa,0.0175,35498,não
feminino,406,geane,0.0174,35393,não
feminino,407,thaina,0.0173,35191,sim
feminino,408,jacira,0.017,34551,sim
feminino,409,divina,0.0169,34409,sim
feminino,410,edite,0.0169,34404,sim
feminino,411,aylla,0.0168,34149,não
feminino,412,anny,0.0168,34046,sim
feminino,413,nicolly,0.0167,33893,não
feminino,414,dilma,0.0167,33839,sim
feminino,415,laiane,0.0166,33744,não
feminino,416,maura,0.0166,33683,sim
feminino,417,marizete,0.0164,33321,sim
feminino,418,isabeli,0.0163,33027,não
feminino,419,ludmila,0.0162,32995,sim
feminino,420,mayra,0.0162,32964,sim
feminino,421,alexia,0.0162,32846,sim
feminino,422,ivanilda,0.0162,32835,não
feminino,423,emanuela,0.0161,32764,sim
feminino,424,rosemeire,0.0161,32747,sim
feminino,425,joselia,0.016,32459,não
feminino,426,vanderleia,0.016,32439,sim
feminino,426,fabricia,0.016,32439,não
feminino,428,carine,0.0159,32264,sim
feminino,429,edileuza,0.0158,32128,sim
feminino,430,marcilene,0.0157,31899,não
feminino,431,leonice,0.0157,31861,não
feminino,432,leda,0.0156,31707,sim
feminino,433,kamila,0.0156,31612,sim
feminino,434,virginia,0.0155,31416,sim
feminino,435,magda,0.0154,31310,sim
feminino,436,thamires,0.0154,31235,sim
feminino,437,noemi,0.0154,31200,sim
feminino,438,gabriella,0.0153,31137,sim
feminino,439,mirella,0.0153,31080,sim
feminino,440,anita,0.0152,30788,sim
feminino,441,marines,0.0151,30763,sim
feminino,442,cibele,0.0151,30747,não
feminino,443,zenaide,0.0151,30734,sim
feminino,444,nara,0.0151,30670,sim
feminino,445,gilmara,0.0151,30660,sim
feminino,446,domingas,0.0151,30650,sim
feminino,447,eloah,0.015,30497,não
feminino,448,pricila,0.0149,30345,sim
feminino,449,meire,0.0149,30324,sim
feminino,450,alaide,0.0149,30274,sim
feminino,451,natali,0.0149,30257,não
feminino,452,stefani,0.0149,30245,sim
feminino,453,perola,0.0149,30216,sim
feminino,454,marly,0.0149,30186,sim
feminino,455,irani,0.0148,30066,não
feminino,456,claudineia,0.0147,29841,não
feminino,457,aurea,0.0147,29790,sim
feminino,458,quiteria,0.0146,29602,sim
feminino,459,diva,0.0146,29598,sim
feminino,460,dulce,0.0145,29504,sim
feminino,461,aila,0.0145,29433,sim
feminino,462,jaine,0.0145,29403,não
feminino,463,antonella,0.0143,29124,sim
feminino,464,neli,0.0143,29073,sim
feminino,465,zenilda,0.0142,28919,não
feminino,466,angelita,0.0142,28893,sim
feminino,467,gleice,0.0142,28805,sim
feminino,468,judite,0.0142,28760,sim
feminino,469,carmelita,0.0141,28699,sim
feminino,470,giulia,0.0141,28610,sim
feminino,471,lucelia,0.014,28430,sim
feminino,472,gislene,0.0139,28278,não
feminino,473,elis,0.0139,28273,sim
feminino,474,adelia,0.0139,28195,sim
feminino,475,bernadete,0.0139,28160,sim
feminino,476,marluce,0.0139,28147,sim
feminino,477,andresa,0.0138,28062,não
feminino,478,jaciara,0.0137,27896,sim
feminino,479,vanilda,0.0136,27699,não
feminino,480,graciele,0.0136,27633,não
feminino,481,luci,0.0136,27565,sim
feminino,482,marilza,0.0136,27541,não
feminino,483,taiane,0.0135,27415,não
feminino,484,edvania,0.0135,27413,não
feminino,485,maysa,0.0134,27286,sim
feminino,486,marineide,0.0134,27135,não
feminino,487,neiva,0.0133,27101,sim
feminino,488,soraia,0.0133,27054,sim
feminino,489,jucilene,0.0133,27032,não
feminino,490,clarisse,0.0133,27011,sim
feminino,491,francilene,0.0133,26974,não
feminino,492,nicoly,0.0133,26973,não
feminino,493,doralice,0.0133,26939,sim
feminino,494,talia,0.0133,26924,sim
feminino,495,rosalia,0.0132,26758,sim
feminino,496,suellen,0.0132,26732,sim
feminino,497,janice,0.0132,26708,sim
feminino,498,thayna,0.0131,26672,sim
feminino,499,rafaella,0.0131,26518,não
feminino,500,ione,0.013,26399,sim
feminino,501,isaura,0.013,26364,sim
feminino,502,alda,0.0129,26298,sim
feminino,503,ilma,0.0129,26276,não
feminino,504,jade,0.0128,25994,sim
feminino,505,emile,0.0128,25984,não
feminino,506,estefane,0.0127,25702,não
feminino,507,samanta,0.0125,25364,sim
feminino,508,elisabeth,0.0125,25335,sim
feminino,509,elane,0.0123,24975,não
feminino,510,celma,0.0123,24948,não
feminino,511,romilda,0.0121,24645,sim
feminino,512,gilda,0.0121,24597,sim
feminino,513,mariele,0.0121,24539,sim
feminino,514,evellyn,0.0121,24522,não
feminino,515,jhenifer,0.0121,24516,não
feminino,516,antonela,0.012,24466,sim
feminino,517,ivanilde,0.012,24445,não
feminino,518,leia,0.012,24439,sim
feminino,519,ieda,0.012,24366,sim
feminino,520,dalila,0.0119,24260,sim
feminino,521,mariah,0.0119,24240,sim
feminino,522,kailane,0.0119,24149,não
feminino,523,cleidiane,0.0119,24141,não
feminino,524,claudiane,0.0119,24102,sim
feminino,525,ivana,0.0118,24007,não
feminino,526,rosimere,0.0118,23939,sim
feminino,527,wilma,0.0118,23938,não
feminino,528,alcione,0.0118,23932,sim
feminino,529,lorrane,0.0118,23916,não
feminino,530,ilza,0.0118,23879,não
feminino,531,emanueli,0.0118,23862,não
feminino,532,francieli,0.0117,23853,sim
feminino,533,danieli,0.0117,23718,não
feminino,534,nataly,0.0116,23500,não
feminino,535,lia,0.0116,23456,sim
feminino,536,ednalva,0.0114,23224,não
feminino,537,maya,0.0114,23218,sim
feminino,538,jeniffer,0.0114,23212,não
feminino,539,noeli,0.0114,23200,não
feminino,540,estefany,0.0114,23194,não
feminino,541,ariana,0.0114,23159,sim
feminino,542,crislaine,0.0114,23149,não
feminino,543,thalia,0.0114,23132,sim
feminino,544,jordana,0.0113,23029,sim
feminino,545,kesia,0.0113,23005,não
feminino,546,ludimila,0.0113,22992,não
feminino,547,izadora,0.0113,22985,não
feminino,548,rosenilda,0.0113,22984,não
feminino,549,edivania,0.0113,22980,não
feminino,550,jurema,0.0113,22957,sim
feminino,551,hadassa,0.0113,22948,sim
feminino,552,jose,0.0113,22930,sim
feminino,553,jucelia,0.0113,22881,não
feminino,554,francine,0.0112,22742,sim
feminino,555,kemilly,0.0112,22721,não
feminino,556,juraci,0.0111,22590,sim
feminino,557,luara,0.0111,22547,sim
feminino,558,edinalva,0.0111,22441,não
feminino,559,adelaide,0.011,22427,sim
feminino,560,analice,0.011,22417,não
feminino,561,isabely,0.011,22274,não
feminino,562,micheli,0.011,22248,sim
feminino,563,nicoli,0.0109,22181,não
feminino,564,magali,0.0109,22099,sim
feminino,565,naiane,0.0109,22091,não
feminino,566,creusa,0.0108,22021,sim
feminino,567,gabriely,0.0108,21966,não
feminino,568,edilaine,0.0108,21871,não
feminino,569,edineia,0.0107,21778,não
feminino,570,geisa,0.0107,21759,não
feminino,571,lilia,0.0107,21730,sim
feminino,572,vanuza,0.0107,21719,não
feminino,573,cleia,0.0107,21717,não
feminino,574,matilde,0.0107,21694,sim
feminino,575,kely,0.0106,21574,sim
feminino,576,rubia,0.0106,21537,sim
feminino,577,lana,0.0105,21352,sim
feminino,578,aghata,0.0105,21331,não
feminino,579,kenia,0.0105,21326,não
feminino,580,tayna,0.0105,21307,não
feminino,581,rosimar,0.0105,21293,não
feminino,582,francinete,0.0104,21213,não
feminino,583,natalina,0.0104,21031,sim
feminino,584,mary,0.0103,20828,sim
feminino,585,allana,0.0102,20813,não
feminino,586,carol,0.0102,20769,sim
feminino,587,valdineia,0.0102,20762,não
feminino,588,valdelice,0.0102,20745,não
feminino,589,marlucia,0.0102,20655,não
feminino,590,nilva,0.0102,20616,não
feminino,591,taila,0.0101,20561,não
feminino,592,natasha,0.0101,20557,sim
feminino,593,olinda,0.0101,20532,sim
feminino,594,layla,0.0101,20465,não
feminino,595,lindinalva,0.0101,20457,sim
feminino,596,emanuely,0.01,20359,sim
feminino,597,micaele,0.01,20356,não
feminino,598,ivanir,0.01,20327,não
feminino,599,elisandra,0.01,20282,não
feminino,600,claudiana,0.01,20240,não
feminino,601,zilma,0.01,20227,não
feminino,602,mari,0.01,20212,sim
feminino,603,taynara,0.0099,20152,sim
feminino,604,ivaneide,0.0099,20128,não
feminino,605,berenice,0.0099,20119,sim
feminino,606,katiane,0.0099,20046,não
feminino,607,elvira,0.0098,19992,sim
feminino,608,alexsandra,0.0098,19983,não
feminino,609,luane,0.0098,19980,não
feminino,610,jacqueline,0.0098,19937,sim
feminino,611,keli,0.0098,19919,não
feminino,612,elisete,0.0098,19903,sim
feminino,613,esmeralda,0.0098,19875,sim
feminino,614,josefina,0.0098,19810,sim
feminino,615,susana,0.0098,19803,sim
feminino,616,micaela,0.0097,19758,não
feminino,617,joao,0.0097,19735,sim
feminino,618,marileide,0.0096,19521,sim
feminino,619,adelina,0.0096,19411,sim
feminino,620,carolaine,0.0096,19395,não
feminino,621,zuleide,0.0095,19393,sim
feminino,622,mercia,0.0095,19358,não
feminino,623,leni,0.0094,19175,sim
feminino,624,darlene,0.0094,19168,sim
feminino,625,lenir,0.0094,19047,sim
feminino,626,raisa,0.0094,18995,não
feminino,627,kamilly,0.0093,18965,não
feminino,628,ketlin,0.0093,18833,sim
feminino,629,valdenice,0.0093,18801,não
feminino,630,camilly,0.0092,18740,não
feminino,631,taisa,0.0092,18720,sim
feminino,632,gleiciane,0.0092,18677,não
feminino,633,deborah,0.0092,18666,sim
feminino,634,thays,0.0092,18625,sim
feminino,635,franciane,0.0092,18617,não
feminino,636,valdeci,0.0092,18597,sim
feminino,637,lorraine,0.0092,18583,sim
feminino,638,albertina,0.0091,18473,sim
feminino,639,rosemary,0.0091,18459,sim
feminino,640,magna,0.009,18256,sim
feminino,641,leonilda,0.009,18243,sim
feminino,642,cilene,0.0089,18154,sim
feminino,643,ariele,0.0089,18125,não
feminino,644,marcele,0.0089,18111,sim
feminino,645,eloiza,0.0088,17947,não
feminino,646,shirlei,0.0088,17945,não
feminino,647,lis,0.0088,17919,sim
feminino,648,joselita,0.0088,17849,não
feminino,649,melina,0.0088,17845,sim
feminino,650,kiara,0.0088,17841,sim
feminino,651,genilda,0.0088,17826,sim
feminino,652,dandara,0.0088,17771,sim
feminino,653,edneia,0.0087,17756,não
feminino,654,giseli,0.0087,17707,sim
feminino,655,thayla,0.0087,17603,não
feminino,656,heloa,0.0087,17571,não
feminino,657,santa,0.0086,17554,sim
feminino,658,stella,0.0086,17459,sim
feminino,659,jackeline,0.0086,17425,sim
feminino,660,ketlen,0.0085,17308,não
feminino,661,francineide,0.0085,17251,não
feminino,662,larisa,0.0085,17240,sim
feminino,663,fabia,0.0085,17238,não
feminino,664,ananda,0.0085,17232,sim
feminino,665,flaviana,0.0084,17115,sim
feminino,666,kauany,0.0084,17106,não
feminino,667,jamily,0.0084,17012,não
feminino,668,silva,0.0084,16988,sim
feminino,669,gildete,0.0083,16908,não
feminino,670,elida,0.0083,16880,sim
feminino,671,cinthia,0.0083,16866,não
feminino,672,thaynara,0.0083,16843,não
feminino,673,jamilly,0.0083,16840,não
feminino,674,betania,0.0083,16839,sim
feminino,675,josenilda,0.0082,16753,não
feminino,676,rosinete,0.0082,16732,sim
feminino,677,nelci,0.0082,16705,não
feminino,678,andriele,0.0082,16699,não
feminino,679,nazare,0.0082,16641,sim
feminino,680,safira,0.0082,16633,sim
feminino,681,naira,0.0082,16615,não
feminino,682,lucivania,0.0081,16530,não
feminino,683,isa,0.0081,16505,sim
feminino,684,beatris,0.0081,16492,não
feminino,685,leide,0.0081,16483,sim
feminino,686,eni,0.0081,16449,sim
feminino,687,paulina,0.0081,16437,sim
feminino,688,tauane,0.0081,16428,não
feminino,689,edjane,0.0081,16417,não
feminino,690,morgana,0.0081,16364,sim
feminino,691,mirele,0.008,16317,não
feminino,692,camilla,0.008,16229,sim
feminino,693,elsa,0.008,16225,sim
feminino,694,margareth,0.008,16198,sim
feminino,695,laiza,0.008,16171,não
feminino,696,lauane,0.008,16165,não
feminino,697,manuele,0.0079,16125,não
feminino,698,eloise,0.0079,16115,sim
feminino,699,dayana,0.0079,16070,sim
feminino,700,renilda,0.0079,16063,sim
feminino,701,edileusa,0.0079,16061,sim
feminino,702,doraci,0.0079,16047,não
feminino,703,nelma,0.0079,16032,não
feminino,704,arlene,0.0079,15969,não
feminino,705,girlene,0.0079,15949,não
feminino,706,kemily,0.0078,15909,não
feminino,707,louise,0.0078,15905,sim
feminino,707,elizandra,0.0078,15905,sim
feminino,709,leiliane,0.0078,15880,não
feminino,710,stephanie,0.0078,15844,sim
feminino,711,natiele,0.0078,15842,não
feminino,712,roselaine,0.0078,15841,não
feminino,713,cleunice,0.0078,15816,sim
feminino,714,clarissa,0.0078,15779,sim
feminino,715,idalina,0.0077,15736,sim
feminino,716,analia,0.0077,15672,sim
feminino,717,hanna,0.0076,15529,sim
feminino,718,adrielly,0.0076,15465,não
feminino,719,brena,0.0076,15437,não
feminino,720,dulcineia,0.0076,15427,sim
feminino,721,eli,0.0076,15412,sim
feminino,722,josineide,0.0076,15394,não
feminino,723,jaiane,0.0076,15378,não
feminino,724,samantha,0.0076,15377,sim
feminino,725,darci,0.0076,15359,sim
feminino,726,heloise,0.0075,15218,não
feminino,727,denize,0.0074,15129,não
feminino,728,socorro,0.0074,15122,sim
feminino,729,irma,0.0074,15084,sim
feminino,730,flaviane,0.0074,15064,não
feminino,731,suzane,0.0074,15046,sim
feminino,732,kaylane,0.0074,15033,não
feminino,733,izabella,0.0074,15025,sim
feminino,734,valdilene,0.0074,14955,não
feminino,735,jeovana,0.0074,14938,não
feminino,736,cassiane,0.0073,14910,não
feminino,737,agnes,0.0073,14893,não
feminino,738,sthefany,0.0073,14886,sim
feminino,739,lindaura,0.0073,14864,sim
feminino,740,elenir,0.0073,14835,não
feminino,741,priscilla,0.0073,14830,sim
feminino,742,leonor,0.0073,14825,sim
feminino,743,josiele,0.0073,14805,não
feminino,744,nilma,0.0073,14799,não
feminino,745,giselle,0.0073,14792,sim
feminino,746,ketlyn,0.0073,14725,não
feminino,747,santina,0.0072,14616,não
feminino,748,antonieta,0.0072,14597,sim
feminino,749,mercedes,0.0072,14584,sim
feminino,750,nanci,0.0071,14507,não
feminino,751,tayla,0.0071,14486,sim
feminino,752,danielly,0.0071,14478,sim
feminino,753,greice,0.0071,14473,não
feminino,754,cirlene,0.0071,14468,não
feminino,755,betina,0.0071,14462,não
feminino,756,marleide,0.0071,14440,não
feminino,757,edilma,0.0071,14437,não
feminino,758,miria,0.0071,14414,sim
feminino,759,lucicleide,0.0071,14401,não
feminino,760,wanessa,0.0071,14390,sim
feminino,761,elma,0.0071,14375,não
feminino,762,luma,0.0071,14370,sim
feminino,763,thaisa,0.0071,14357,sim
feminino,764,samia,0.0071,14355,não
feminino,765,janiele,0.0071,14354,não
feminino,766,julieta,0.0071,14330,sim
feminino,767,delma,0.0071,14328,sim
feminino,768,lucinete,0.007,14272,não
feminino,769,nadja,0.007,14205,não
feminino,770,roselene,0.007,14153,não
feminino,771,nilce,0.007,14145,sim
feminino,772,kaline,0.0069,14052,não
feminino,773,tamiris,0.0069,14040,não
feminino,774,lazara,0.0069,14013,não
feminino,775,nivia,0.0069,14011,não
feminino,776,lunna,0.0068,13893,sim
feminino,777,stefane,0.0068,13873,não
feminino,778,roseni,0.0068,13868,não
feminino,779,dina,0.0068,13812,sim
feminino,780,lenice,0.0067,13702,não
feminino,781,laryssa,0.0067,13681,sim
feminino,782,guiomar,0.0067,13663,sim
feminino,783,alba,0.0067,13654,sim
feminino,784,adrieli,0.0067,13626,não
feminino,785,dolores,0.0067,13618,sim
feminino,786,silene,0.0067,13539,sim
feminino,787,ivania,0.0067,13538,não
feminino,788,daniella,0.0067,13533,sim
feminino,789,gilvania,0.0067,13520,não
feminino,790,efigenia,0.0066,13344,sim
feminino,790,candida,0.0066,13344,sim
feminino,792,monalisa,0.0065,13289,sim
feminino,793,millena,0.0065,13274,sim
feminino,794,alesandra,0.0065,13267,não
feminino,795,camily,0.0065,13260,não
feminino,796,kezia,0.0065,13206,não
feminino,797,stephany,0.0065,13171,sim
feminino,798,laysa,0.0065,13150,sim
feminino,799,marciana,0.0065,13116,sim
feminino,800,mikaele,0.0064,13090,não
feminino,801,eugenia,0.0064,13087,sim
feminino,802,alane,0.0064,13033,não
feminino,803,filomena,0.0064,12964,sim
feminino,804,thainara,0.0064,12927,sim
feminino,805,lisiane,0.0064,12920,não
feminino,806,diane,0.0063,12892,sim
feminino,807,nina,0.0063,12887,sim
feminino,808,rebecca,0.0063,12883,sim
feminino,809,cauane,0.0063,12866,não
feminino,810,nilsa,0.0063,12865,sim
feminino,811,nayane,0.0063,12862,sim
feminino,812,soraya,0.0063,12829,sim
feminino,813,rogeria,0.0063,12820,não
feminino,813,nathaly,0.0063,12820,não
feminino,815,nicolle,0.0063,12818,sim
feminino,816,nivea,0.0063,12780,sim
feminino,817,joaquina,0.0063,12765,sim
feminino,818,isabelli,0.0063,12750,não
feminino,819,ivoneide,0.0062,12692,não
feminino,820,analu,0.0062,12660,sim
feminino,821,graciela,0.0062,12654,não
feminino,822,suelem,0.0062,12606,não
feminino,823,dayse,0.0062,12550,sim
feminino,824,marcella,0.0062,12537,sim
feminino,825,malu,0.0062,12498,sim
feminino,826,amara,0.0062,12490,sim
feminino,827,layane,0.0061,12439,não
feminino,828,joselma,0.0061,12434,não
feminino,829,taise,0.0061,12428,não
feminino,830,marinez,0.0061,12410,não
feminino,831,ediane,0.0061,12403,não
feminino,832,lea,0.0061,12388,sim
feminino,833,glenda,0.0061,12369,não
feminino,834,liane,0.0061,12339,sim
feminino,835,damares,0.0061,12337,não
feminino,836,stela,0.0061,12325,sim
feminino,837,lucilia,0.0061,12301,sim
feminino,838,dejanira,0.006,12266,não
feminino,839,amalia,0.006,12233,sim
feminino,840,dinalva,0.006,12224,sim
feminino,841,elenita,0.006,12204,não
feminino,842,geisiane,0.006,12196,não
feminino,842,camille,0.006,12196,não
feminino,844,luziane,0.006,12175,não
feminino,845,maiane,0.006,12170,não
feminino,846,marlete,0.006,12162,não
feminino,847,nelza,0.006,12150,não
feminino,848,inacia,0.006,12126,sim
feminino,849,any,0.006,12097,sim
feminino,850,izabele,0.006,12084,não
feminino,851,adria,0.0059,12064,sim
feminino,852,valmira,0.0059,12061,não
feminino,853,taciana,0.0059,12042,sim
feminino,854,wanda,0.0059,12040,sim
feminino,855,laudiceia,0.0059,12024,não
feminino,856,joseli,0.0059,11977,sim
feminino,857,fernada,0.0059,11959,não
feminino,858,almerinda,0.0059,11925,não
feminino,859,eurides,0.0058,11866,sim
feminino,860,tailane,0.0058,11833,não
feminino,861,izaura,0.0058,11814,sim
feminino,862,rachel,0.0058,11768,sim
feminino,863,jesica,0.0058,11727,não
feminino,864,martha,0.0058,11690,sim
feminino,865,sandy,0.0057,11670,sim
feminino,866,rosely,0.0057,11645,não
feminino,867,dara,0.0057,11623,sim
feminino,868,liliana,0.0057,11584,sim
feminino,869,janine,0.0057,11578,não
feminino,870,jovelina,0.0057,11554,sim
feminino,871,araci,0.0057,11550,sim
feminino,872,juliete,0.0057,11535,sim
feminino,873,maia,0.0057,11518,sim
feminino,874,arlinda,0.0057,11514,não
feminino,875,kimberly,0.0057,11493,sim
feminino,876,kellen,0.0056,11472,não
feminino,877,francielle,0.0056,11414,não
feminino,878,samila,0.0056,11403,não
feminino,879,keyla,0.0056,11357,sim
feminino,880,danila,0.0056,11340,não
feminino,881,lorrany,0.0056,11297,não
feminino,882,nayra,0.0055,11249,não
feminino,883,laise,0.0055,11227,não
feminino,884,raphaela,0.0055,11176,não
feminino,885,hosana,0.0055,11164,sim
feminino,886,jacinta,0.0055,11135,sim
feminino,886,adriely,0.0055,11135,sim
feminino,888,lucila,0.0055,11124,sim
feminino,889,vanesa,0.0055,11121,não
feminino,890,railane,0.0055,11102,não
feminino,891,sofhia,0.0054,11063,não
feminino,892,rafaele,0.0054,11036,não
feminino,893,mariangela,0.0054,11027,não
feminino,894,osmarina,0.0054,11018,não
feminino,894,kassia,0.0054,11018,sim
feminino,896,adrielle,0.0054,11005,não
feminino,897,mikaelly,0.0054,10997,não
feminino,898,camili,0.0054,10961,não
feminino,899,heloiza,0.0054,10937,não
feminino,900,rosaria,0.0054,10888,sim
feminino,901,cacilda,0.0054,10884,sim
feminino,902,enedina,0.0054,10869,não
feminino,903,pedro,0.0053,10807,sim
feminino,904,flora,0.0053,10728,sim
feminino,905,jakeline,0.0053,10683,não
feminino,906,lenilda,0.0053,10677,sim
feminino,907,karolina,0.0053,10675,sim
feminino,908,jacilene,0.0053,10670,não
feminino,909,lays,0.0053,10662,sim
feminino,910,gerlane,0.0052,10637,sim
feminino,911,roselia,0.0052,10574,não
feminino,912,vicentina,0.0052,10562,sim
feminino,912,hellena,0.0052,10562,não
feminino,914,natacha,0.0052,10556,não
feminino,915,neila,0.0052,10547,não
feminino,916,tatiele,0.0052,10520,não
feminino,917,crislane,0.0052,10485,não
feminino,918,nilzete,0.0052,10484,não
feminino,918,helia,0.0052,10484,sim
feminino,920,rosileide,0.0052,10472,não
feminino,921,danubia,0.0052,10469,sim
feminino,922,keliane,0.0052,10461,não
feminino,923,jocelia,0.0051,10429,não
feminino,924,mikaela,0.0051,10421,sim
feminino,925,linda,0.0051,10407,sim
feminino,926,maiza,0.0051,10401,não
feminino,927,liana,0.0051,10387,sim
feminino,928,nelsa,0.0051,10355,não
feminino,929,clemilda,0.0051,10348,não
feminino,930,lauren,0.0051,10342,sim
feminino,931,cosma,0.0051,10308,não
feminino,932,marise,0.0051,10293,não
feminino,933,augusta,0.0051,10287,sim
feminino,934,agda,0.0051,10286,sim
feminino,935,kessia,0.0051,10263,não
feminino,936,elenilda,0.005,10255,não
feminino,937,juciara,0.005,10226,não
feminino,938,tabata,0.005,10221,sim
feminino,939,sirley,0.005,10205,não
feminino,940,kelli,0.005,10198,não
feminino,941,melinda,0.005,10197,não
feminino,941,gabriel,0.005,10197,sim
feminino,943,celi,0.005,10183,sim
feminino,944,michelly,0.005,10181,sim
feminino,945,junia,0.005,10171,não
feminino,946,rosimeri,0.005,10163,não
feminino,947,sinara,0.005,10159,não
feminino,948,helenice,0.005,10129,não
feminino,949,noelia,0.005,10109,sim
feminino,950,rayanne,0.005,10107,não
feminino,951,jaci,0.005,10094,sim
feminino,952,antonio,0.005,10075,sim
feminino,953,kelen,0.0049,10036,não
feminino,954,dione,0.0049,10031,sim
feminino,955,karolaine,0.0049,10020,não
feminino,956,laurinda,0.0049,10007,sim
feminino,957,iana,0.0049,9979,não
feminino,958,dora,0.0049,9950,sim
feminino,959,abigail,0.0049,9940,sim
feminino,960,lucidalva,0.0049,9938,não
feminino,961,gislane,0.0049,9931,não
feminino,962,silvane,0.0049,9919,não
feminino,963,jamili,0.0049,9891,sim
feminino,964,catiane,0.0049,9882,sim
feminino,965,marilena,0.0049,9870,sim
feminino,966,grasiele,0.0049,9857,não
feminino,967,veridiana,0.0049,9856,sim
feminino,968,therezinha,0.0049,9851,sim
feminino,969,yolanda,0.0048,9835,sim
feminino,970,cheila,0.0048,9799,não
feminino,971,edilane,0.0048,9791,sim
feminino,972,ingride,0.0048,9752,não
feminino,973,juliene,0.0048,9738,sim
feminino,974,rosicleide,0.0048,9721,sim
feminino,975,jocilene,0.0048,9717,não
feminino,976,thaila,0.0048,9710,sim
feminino,977,lorrana,0.0048,9702,não
feminino,978,valesca,0.0048,9691,sim
feminino,979,claudenice,0.0048,9681,não
feminino,980,emely,0.0048,9672,não
feminino,981,marlei,0.0048,9660,não
feminino,982,marileia,0.0048,9655,não
feminino,983,evilin,0.0047,9640,não
feminino,984,celeste,0.0047,9639,sim
feminino,985,deyse,0.0047,9629,não
feminino,986,edineide,0.0047,9628,não
feminino,987,cremilda,0.0047,9618,sim
feminino,988,marcelle,0.0047,9602,sim
feminino,989,deisiane,0.0047,9594,não
feminino,990,clair,0.0047,9584,sim
feminino,991,elisiane,0.0047,9569,não
feminino,992,lenita,0.0047,9556,não
feminino,993,lisandra,0.0047,9553,não
feminino,994,railda,0.0047,9550,não
feminino,995,raniele,0.0047,9538,não
feminino,996,soeli,0.0047,9531,não
feminino,997,grazielle,0.0047,9523,não
feminino,998,lucileide,0.0047,9520,não
feminino,999,lorrayne,0.0047,9517,sim
feminino,1000,izabelly,0.0047,9500,não
masculino,1,jose,2.5319,5141822,sim
masculino,2,joao,1.6796,3410873,sim
masculino,3,antonio,1.0986,2231019,sim
masculino,4,francisco,0.817,1659196,sim
masculino,5,pedro,0.7946,1613671,sim
masculino,6,carlos,0.7229,1468116,sim
masculino,7,lucas,0.656,1332182,sim
masculino,8,luiz,0.6541,1328252,sim
masculino,9,paulo,0.6531,1326222,sim
masculino,10,gabriel,0.5914,1201030,sim
masculino,11,marcos,0.5308,1078017,sim
masculino,12,davi,0.4276,868418,sim
masculino,13,rafael,0.4273,867715,sim
masculino,14,luis,0.4106,833846,sim
masculino,15,daniel,0.3771,765852,sim
masculino,16,miguel,0.3493,709295,sim
masculino,17,gustavo,0.3329,676017,sim
masculino,18,felipe,0.3309,672032,sim
masculino,19,guilherme,0.3306,671429,sim
masculino,20,eduardo,0.3224,654801,sim
masculino,21,matheus,0.319,647922,sim
masculino,22,bruno,0.3162,642042,sim
masculino,23,marcelo,0.3161,641977,sim
masculino,24,arthur,0.3016,612474,sim
masculino,25,leonardo,0.2777,563952,sim
masculino,26,rodrigo,0.2755,559407,sim
masculino,27,andre,0.2738,556066,sim
masculino,28,samuel,0.2551,517994,sim
masculino,29,fernando,0.2458,499165,sim
masculino,30,fabio,0.2452,497865,sim
masculino,31,raimundo,0.2439,495346,sim
masculino,32,vitor,0.239,485420,sim
masculino,33,manoel,0.235,477180,sim
masculino,34,mateus,0.2331,473412,sim
masculino,35,leandro,0.2312,469440,sim
masculino,36,thiago,0.2228,452381,sim
masculino,37,anderson,0.2185,443706,sim
masculino,38,marcio,0.2123,431071,sim
masculino,39,ricardo,0.2108,428011,sim
masculino,40,alexandre,0.2071,420664,sim
masculino,41,jorge,0.2063,418897,sim
masculino,42,diego,0.1976,401285,sim
masculino,43,enzo,0.1969,399826,sim
masculino,44,edson,0.192,389846,sim
masculino,45,vinicius,0.1918,389569,sim
masculino,46,roberto,0.1833,372313,sim
masculino,47,victor,0.1785,362553,sim
masculino,48,tiago,0.1781,361677,sim
masculino,49,sergio,0.1756,356657,sim
masculino,50,sebastiao,0.1691,343375,sim
masculino,51,julio,0.1605,325879,sim
masculino,52,claudio,0.1526,309908,sim
masculino,53,nicolas,0.1514,307531,sim
masculino,54,luciano,0.1514,307447,sim
masculino,55,adriano,0.1501,304748,sim
masculino,56,henrique,0.1495,303624,sim
masculino,57,heitor,0.1452,294832,sim
masculino,58,alex,0.1439,292229,sim
masculino,59,renato,0.1437,291860,sim
masculino,60,caio,0.1401,284503,sim
masculino,61,igor,0.1333,270719,sim
masculino,62,geraldo,0.1285,261030,sim
masculino,63,rogerio,0.1283,260485,sim
masculino,64,douglas,0.1268,257565,sim
masculino,65,flavio,0.1206,244995,sim
masculino,66,luan,0.1202,244048,sim
masculino,67,ronaldo,0.1172,237971,sim
masculino,68,joaquim,0.1165,236505,sim
masculino,69,danilo,0.1128,229153,sim
masculino,70,david,0.1119,227344,sim
masculino,71,bernardo,0.111,225352,sim
masculino,72,mario,0.1104,224285,sim
masculino,73,robson,0.1092,221825,sim
masculino,74,jeferson,0.107,217297,sim
masculino,75,cicero,0.1066,216487,sim
masculino,76,mauricio,0.1059,215018,sim
masculino,77,wesley,0.1016,206350,sim
masculino,78,alan,0.0994,201788,sim
masculino,79,reginaldo,0.0982,199485,sim
masculino,80,murilo,0.0979,198725,sim
masculino,81,artur,0.0951,193216,sim
masculino,82,marco,0.0946,192029,sim
masculino,83,renan,0.0945,192008,sim
masculino,84,elias,0.0932,189308,sim
masculino,85,gilberto,0.0921,187032,sim
masculino,86,cristiano,0.0901,182891,sim
masculino,87,emerson,0.0849,172508,sim
masculino,88,manuel,0.0848,172178,sim
masculino,89,jean,0.0839,170321,sim
masculino,90,fabricio,0.0812,164864,sim
masculino,91,diogo,0.0809,164229,sim
masculino,92,wilson,0.0806,163726,sim
masculino,93,nelson,0.0793,161051,sim
masculino,94,willian,0.0791,160560,sim
masculino,95,jonas,0.0784,159290,sim
masculino,96,ruan,0.0783,159013,sim
masculino,97,kauan,0.0772,156798,sim
masculino,98,valdir,0.0761,154576,sim
masculino,99,benedito,0.0749,152015,sim
masculino,100,pablo,0.0746,151574,sim
masculino,101,breno,0.0745,151327,sim
masculino,102,emanuel,0.074,150371,sim
masculino,103,everton,0.0738,149926,sim
masculino,104,lorenzo,0.0715,145301,sim
masculino,105,gilmar,0.0714,144966,sim
masculino,106,mauro,0.071,144101,sim
masculino,107,alessandro,0.0705,143203,sim
masculino,108,fabiano,0.0704,143026,sim
masculino,109,moises,0.0703,142772,sim
masculino,110,yuri,0.0691,140369,sim
masculino,111,erick,0.0689,139837,sim
masculino,112,pietro,0.0687,139542,não
masculino,113,adilson,0.0687,139509,sim
masculino,114,italo,0.0656,133145,sim
masculino,115,gilson,0.0653,132584,sim
masculino,116,otavio,0.0646,131268,sim
masculino,117,joel,0.0637,129262,sim
masculino,118,jair,0.0631,128088,sim
masculino,119,severino,0.0625,126942,sim
masculino,120,wagner,0.0606,123072,sim
masculino,121,vicente,0.0606,122988,sim
masculino,122,theo,0.06,121921,sim
masculino,123,ivan,0.0589,119613,sim
masculino,124,silvio,0.0586,119055,sim
masculino,125,alisson,0.0585,118702,sim
masculino,126,maicon,0.0575,116766,sim
masculino,127,helio,0.0574,116641,sim
masculino,128,cleiton,0.0572,116254,sim
masculino,129,reinaldo,0.0564,114467,sim
masculino,130,hugo,0.0562,114146,sim
masculino,131,kaua,0.0555,112785,sim
masculino,132,sandro,0.0555,112612,sim
masculino,133,celso,0.0553,112385,sim
masculino,134,edilson,0.055,111743,sim
masculino,135,augusto,0.0549,111557,sim
masculino,136,josue,0.0549,111412,sim
masculino,137,juliano,0.0543,110356,sim
masculino,138,vagner,0.0541,109795,sim
masculino,139,gael,0.054,109703,não
masculino,140,cesar,0.0538,109341,sim
masculino,141,osvaldo,0.0538,109252,sim
masculino,142,evandro,0.0534,108441,sim
masculino,143,ademir,0.0522,106034,sim
masculino,144,milton,0.0517,105024,sim
masculino,145,vanderlei,0.0508,103076,sim
masculino,146,israel,0.0499,101356,sim
masculino,147,domingos,0.0496,100767,sim
masculino,148,valmir,0.0496,100647,sim
masculino,149,edvaldo,0.0492,99927,sim
masculino,150,valter,0.0491,99658,sim
masculino,151,ryan,0.0486,98789,sim
masculino,152,rian,0.0485,98590,sim
masculino,153,ailton,0.0479,97205,sim
masculino,154,adao,0.0479,97178,sim
masculino,155,wellington,0.047,95382,sim
masculino,156,william,0.0468,95043,sim
masculino,157,angelo,0.0456,92667,sim
masculino,158,cleber,0.0455,92501,sim
masculino,159,caua,0.045,91370,sim
masculino,160,alberto,0.0448,91081,sim
masculino,161,nilton,0.0448,90964,sim
masculino,162,nilson,0.0444,90099,sim
masculino,163,rubens,0.0435,88370,sim
masculino,164,edmilson,0.043,87416,sim
masculino,165,levi,0.043,87268,sim
masculino,166,junior,0.0429,87136,sim
masculino,167,cristian,0.0427,86702,sim
masculino,168,isaac,0.0419,85121,sim
masculino,169,osmar,0.0416,84510,sim
masculino,170,isaque,0.041,83300,sim
masculino,171,ezequiel,0.0408,82772,sim
masculino,172,jefferson,0.0406,82470,sim
masculino,173,antony,0.0404,82062,sim
masculino,174,ismael,0.0401,81384,sim
masculino,175,jonathan,0.04,81317,sim
masculino,176,orlando,0.0392,79670,sim
masculino,177,iago,0.039,79152,sim
masculino,178,kaique,0.0386,78467,sim
masculino,179,michel,0.0384,77997,sim
masculino,180,icaro,0.0383,77751,sim
masculino,181,isaias,0.0381,77444,sim
masculino,182,gerson,0.0381,77320,sim
masculino,183,aparecido,0.038,77147,sim
masculino,184,marlon,0.0379,76908,sim
masculino,185,wanderson,0.0378,76845,sim
masculino,186,kaio,0.0368,74655,sim
masculino,187,alexandro,0.0361,73264,não
masculino,188,jackson,0.0358,72630,sim
masculino,189,natan,0.0352,71427,sim
masculino,190,bryan,0.0349,70933,não
masculino,191,edivaldo,0.0345,69997,não
masculino,192,jairo,0.0343,69629,sim
masculino,193,jailson,0.0342,69355,sim
masculino,194,charles,0.0338,68584,sim
masculino,195,natanael,0.0337,68513,sim
masculino,196,alvaro,0.0336,68182,sim
masculino,197,denilson,0.0335,68063,sim
masculino,198,eder,0.0334,67859,sim
masculino,199,juan,0.0332,67393,sim
masculino,200,damiao,0.0331,67302,sim
masculino,201,richard,0.0331,67137,sim
masculino,202,valdemir,0.033,67015,sim
masculino,203,denis,0.0327,66455,sim
masculino,204,geovane,0.0325,65950,sim
masculino,205,claudinei,0.0325,65947,sim
masculino,206,nivaldo,0.0323,65583,sim
masculino,207,celio,0.0322,65419,sim
masculino,208,adrian,0.0322,65414,não
masculino,209,jaime,0.0322,65408,sim
masculino,210,michael,0.0322,65294,sim
masculino,211,elton,0.0319,64883,sim
masculino,212,anthony,0.0319,64838,sim
masculino,213,kaue,0.0319,64713,sim
masculino,214,arnaldo,0.0319,64698,sim
masculino,215,raul,0.0317,64358,sim
masculino,216,isac,0.0316,64255,não
masculino,217,benicio,0.0315,63968,sim
masculino,218,walter,0.0314,63862,sim
masculino,219,valdecir,0.0313,63635,não
masculino,220,sidnei,0.0312,63339,sim
masculino,221,wilian,0.0312,63287,sim
masculino,222,ramon,0.0311,63161,sim
masculino,223,eric,0.0308,62538,sim
masculino,224,ravi,0.0308,62471,sim
masculino,225,yan,0.0303,61626,sim
masculino,226,moacir,0.0303,61475,sim
masculino,227,jhonatan,0.0302,61315,não
masculino,228,vinicios,0.0298,60471,sim
masculino,229,patrick,0.0296,60122,sim
masculino,230,maria,0.0295,60008,sim
masculino,231,agnaldo,0.0295,59976,sim
masculino,232,odair,0.029,58919,sim
masculino,233,yago,0.0289,58700,sim
masculino,234,cauan,0.0286,58105,sim
masculino,235,caique,0.0285,57830,sim
masculino,236,valdemar,0.0284,57751,sim
masculino,237,jonatas,0.028,56951,sim
masculino,238,everaldo,0.0276,56008,sim
masculino,239,kevin,0.0275,55934,sim
masculino,240,ian,0.0275,55798,sim
masculino,241,lazaro,0.0273,55362,sim
masculino,242,filipe,0.0272,55174,sim
masculino,243,almir,0.0271,55124,sim
masculino,244,sidney,0.027,54769,sim
masculino,245,raphael,0.0267,54131,sim
masculino,246,alison,0.0266,54029,sim
masculino,247,saulo,0.0265,53778,sim
masculino,248,valdeci,0.0262,53193,sim
masculino,249,gilvan,0.0262,53109,sim
masculino,250,cassio,0.0259,52690,sim
masculino,251,marcus,0.0257,52265,sim
masculino,252,maycon,0.0256,52061,sim
masculino,253,ivanildo,0.0255,51786,sim
masculino,254,benjamin,0.0254,51527,sim
masculino,255,romulo,0.0253,51309,sim
masculino,256,gean,0.0251,50965,não
masculino,257,ademar,0.025,50839,sim
masculino,258,ivo,0.0248,50366,sim
masculino,259,romario,0.0248,50324,sim
masculino,260,lucio,0.0245,49724,sim
masculino,261,josias,0.0244,49615,sim
masculino,262,ednaldo,0.0243,49414,não
masculino,263,josimar,0.0243,49272,não
masculino,264,arlindo,0.024,48707,sim
masculino,265,rodolfo,0.0239,48486,sim
masculino,266,brayan,0.0238,48335,não
masculino,267,jonatan,0.0237,48048,sim
masculino,268,alexsandro,0.0236,47871,não
masculino,269,deivid,0.0231,46998,sim
masculino,270,vilmar,0.0231,46879,sim
masculino,271,airton,0.023,46614,sim
masculino,272,allan,0.0229,46582,sim
masculino,273,claudemir,0.0226,45915,sim
masculino,274,nathan,0.0222,45018,sim
masculino,275,erik,0.0221,44834,sim
masculino,276,micael,0.0219,44523,sim
masculino,277,wendel,0.0215,43698,sim
masculino,278,edgar,0.0215,43638,sim
masculino,279,wallace,0.0215,43634,sim
masculino,280,robert,0.0212,43020,sim
masculino,281,laercio,0.0212,42965,sim
masculino,282,edmar,0.021,42745,sim
masculino,283,humberto,0.0209,42385,sim
masculino,284,adriel,0.0209,42382,sim
masculino,285,alfredo,0.0208,42225,sim
masculino,286,noah,0.0204,41472,sim
masculino,287,afonso,0.0202,41123,sim
masculino,288,juarez,0.0201,40907,sim
masculino,289,roger,0.02,40715,sim
masculino,290,adalberto,0.02,40519,sim
masculino,291,kelvin,0.0199,40480,sim
masculino,292,armando,0.0199,40430,sim
masculino,293,lucca,0.0197,40028,sim
masculino,294,adailton,0.0196,39839,sim
masculino,295,bento,0.0195,39685,sim
masculino,296,genivaldo,0.0193,39251,sim
masculino,297,weliton,0.0193,39193,não
masculino,298,clovis,0.0192,39002,sim
masculino,299,alcides,0.0191,38715,sim
masculino,300,henry,0.019,38657,sim
masculino,301,antoni,0.0189,38459,não
masculino,302,valdomiro,0.0189,38385,sim
masculino,303,edinaldo,0.0188,38225,não
masculino,304,vilson,0.0185,37578,sim
masculino,305,welington,0.0185,37553,não
masculino,306,evaldo,0.0184,37411,sim
masculino,307,thales,0.0182,37041,sim
masculino,308,itamar,0.0182,37035,sim
masculino,309,andrei,0.018,36526,sim
masculino,310,benjamim,0.018,36498,sim
masculino,311,emanoel,0.0179,36423,sim
masculino,312,jadson,0.0178,36241,sim
masculino,313,joelson,0.0178,36183,sim
masculino,314,jurandir,0.0178,36105,sim
masculino,315,max,0.0177,35949,sim
masculino,316,thomas,0.0176,35754,sim
masculino,317,edimilson,0.0176,35749,sim
masculino,318,valdinei,0.0175,35501,não
masculino,319,mikael,0.0174,35365,não
masculino,320,lindomar,0.0174,35348,sim
masculino,321,divino,0.0173,35211,sim
masculino,322,kleber,0.0173,35168,sim
masculino,323,washington,0.0173,35115,sim
masculino,324,tales,0.0171,34828,sim
masculino,325,cosme,0.0171,34779,sim
masculino,326,inacio,0.0171,34626,sim
masculino,327,magno,0.017,34586,sim
masculino,328,ariel,0.017,34550,sim
masculino,329,dirceu,0.017,34510,sim
masculino,330,frederico,0.0169,34394,sim
masculino,331,caue,0.0169,34259,sim
masculino,332,amilton,0.0169,34248,sim
masculino,333,jailton,0.0167,34016,sim
masculino,334,jesus,0.0167,33965,sim
masculino,335,erivaldo,0.0167,33834,não
masculino,336,george,0.0166,33639,sim
masculino,337,silas,0.0165,33487,sim
masculino,338,bernado,0.0164,33305,sim
masculino,339,edison,0.0164,33211,não
masculino,340,josiel,0.0162,32926,não
masculino,341,lauro,0.0162,32900,sim
masculino,342,weslei,0.0161,32742,não
masculino,343,amarildo,0.0159,32280,sim
masculino,344,messias,0.0157,31839,sim
masculino,345,adenilson,0.0157,31788,não
masculino,346,ari,0.0156,31696,sim
masculino,347,ederson,0.0156,31657,sim
masculino,348,weverton,0.0155,31522,não
masculino,349,oscar,0.0155,31442,sim
masculino,350,roque,0.0154,31226,sim
masculino,351,ronald,0.0154,31208,sim
masculino,352,elizeu,0.0154,31200,sim
masculino,353,darci,0.0153,31165,sim
masculino,354,genilson,0.0153,31122,não
masculino,355,donizete,0.0151,30733,sim
masculino,356,tarcisio,0.0151,30653,sim
masculino,357,amauri,0.015,30530,sim
masculino,358,romildo,0.0149,30332,sim
masculino,359,eliseu,0.0148,30025,sim
masculino,360,vanderson,0.0148,30008,não
masculino,361,aldo,0.0147,29931,sim
masculino,362,josenildo,0.0147,29877,não
masculino,363,giovani,0.0146,29729,sim
masculino,364,elson,0.0145,29442,não
masculino,365,lourival,0.0145,29423,sim
masculino,366,rui,0.0145,29361,sim
masculino,367,jhon,0.0144,29226,sim
masculino,368,elio,0.0144,29223,sim
masculino,369,eliel,0.0144,29166,não
masculino,370,jhonata,0.0143,29051,sim
masculino,371,djalma,0.0142,28799,sim
masculino,372,edimar,0.0142,28782,não
masculino,373,higor,0.0141,28730,sim
masculino,374,altair,0.0141,28600,sim
masculino,375,everson,0.014,28432,não
masculino,376,andrey,0.0139,28199,sim
masculino,377,adelson,0.0138,28040,sim
masculino,378,silvano,0.0138,28020,sim
masculino,379,abraao,0.0138,27960,sim
masculino,380,fagner,0.0136,27696,sim
masculino,381,josemar,0.0136,27662,não
masculino,382,edvan,0.0134,27294,não
masculino,383,valdeir,0.0131,26556,não
masculino,384,geovani,0.013,26393,sim
masculino,385,dario,0.013,26349,sim
masculino,386,walace,0.013,26347,não
masculino,387,john,0.0129,26207,sim
masculino,388,hiago,0.0128,26084,sim
masculino,389,brian,0.0128,25990,sim
masculino,390,darlan,0.0128,25967,não
masculino,391,lorival,0.0127,25878,não
masculino,392,abner,0.0127,25831,sim
masculino,393,eraldo,0.0127,25768,sim
masculino,393,braian,0.0127,25768,não
masculino,395,riquelme,0.0126,25599,sim
masculino,396,irineu,0.0126,25550,sim
masculino,397,jardel,0.0126,25495,sim
masculino,398,jonata,0.0125,25343,sim
masculino,399,gelson,0.0124,25186,não
masculino,400,salvador,0.0124,25097,sim
masculino,401,hudson,0.0123,25049,sim
masculino,402,genival,0.0123,24882,sim
masculino,403,adair,0.0122,24757,sim
masculino,404,savio,0.0121,24596,sim
masculino,405,valdivino,0.0121,24497,não
masculino,406,calebe,0.012,24271,sim
masculino,407,luca,0.0119,24228,sim
masculino,408,giovane,0.0119,24220,sim
masculino,409,elvis,0.0117,23706,sim
masculino,410,miqueias,0.0117,23696,sim
masculino,411,maciel,0.0116,23643,sim
masculino,412,welligton,0.0116,23538,não
masculino,413,josivaldo,0.0116,23473,não
masculino,414,amaro,0.0116,23469,sim
masculino,415,iuri,0.0115,23424,sim
masculino,416,rai,0.0115,23354,sim
masculino,417,eliezer,0.0115,23291,sim
masculino,418,aguinaldo,0.0114,23136,não
masculino,419,tulio,0.0112,22820,sim
masculino,420,abel,0.0112,22802,sim
masculino,421,tomas,0.0112,22704,sim
masculino,422,matias,0.0112,22685,sim
masculino,423,eugenio,0.0112,22652,sim
masculino,424,dorival,0.0112,22645,sim
masculino,425,wilton,0.0111,22508,sim
masculino,426,edivan,0.011,22322,sim
masculino,427,estevao,0.0109,22167,sim
masculino,428,eli,0.0109,22153,sim
masculino,429,marcelino,0.0109,22132,sim
masculino,430,juvenal,0.0109,22056,sim
masculino,431,cassiano,0.0108,21962,sim
masculino,432,derick,0.0107,21645,não
masculino,433,jesse,0.0106,21524,sim
masculino,434,christian,0.0106,21496,sim
masculino,435,clodoaldo,0.0106,21455,sim
masculino,436,cezar,0.0105,21408,sim
masculino,437,alexander,0.0105,21395,sim
masculino,438,getulio,0.0105,21305,sim
masculino,439,enio,0.0104,21179,sim
masculino,440,roni,0.0104,21167,sim
masculino,441,givaldo,0.0104,21113,não
masculino,442,alef,0.0103,20953,sim
masculino,443,izaque,0.0103,20899,sim
masculino,444,janderson,0.0102,20705,sim
masculino,445,marciel,0.0102,20638,não
masculino,446,marivaldo,0.0101,20592,sim
masculino,447,expedito,0.0101,20587,sim
masculino,448,hamilton,0.0101,20568,sim
masculino,449,agenor,0.0101,20507,sim
masculino,450,rene,0.0101,20454,sim
masculino,451,wiliam,0.0099,20203,sim
masculino,452,rivaldo,0.0099,20187,sim
masculino,453,ademilson,0.0099,20096,não
masculino,454,juraci,0.0099,20072,sim
masculino,455,misael,0.0099,20064,sim
masculino,456,james,0.0099,20030,sim
masculino,457,kaike,0.0099,20026,não
masculino,458,leo,0.0097,19761,sim
masculino,459,claudionor,0.0097,19628,sim
masculino,460,welinton,0.0097,19607,sim
masculino,461,maurilio,0.0096,19571,sim
masculino,462,jacson,0.0096,19521,não
masculino,463,teo,0.0096,19474,sim
masculino,464,givanildo,0.0096,19431,não
masculino,465,guilerme,0.0095,19315,não
masculino,466,janio,0.0095,19213,sim
masculino,467,gleison,0.0095,19193,sim
masculino,468,marciano,0.0094,19170,sim
masculino,469,aloisio,0.0094,19114,sim
masculino,470,devid,0.0094,19099,não
masculino,471,joilson,0.0093,18976,não
masculino,472,marcilio,0.0093,18953,sim
masculino,473,tadeu,0.0093,18900,sim
masculino,474,francinaldo,0.0093,18797,não
masculino,475,peterson,0.0093,18790,sim
masculino,476,elder,0.0092,18747,não
masculino,477,kaleb,0.0092,18718,sim
masculino,478,ana,0.0092,18699,sim
masculino,479,euclides,0.0092,18659,sim
masculino,480,aldair,0.0092,18650,não
masculino,481,jucelino,0.0091,18550,sim
masculino,482,jeremias,0.0091,18514,sim
masculino,483,welton,0.0091,18443,sim
masculino,484,cleverson,0.0091,18410,não
masculino,485,nicollas,0.009,18274,não
masculino,486,wanderley,0.0089,18157,sim
masculino,487,ulisses,0.0089,18119,sim
masculino,488,joselito,0.0089,18083,não
masculino,489,elcio,0.0089,18073,sim
masculino,490,wemerson,0.0089,18017,não
masculino,491,adelino,0.0089,17990,sim
masculino,492,leonel,0.0088,17836,sim
masculino,493,caleb,0.0088,17831,não
masculino,494,regis,0.0088,17784,sim
masculino,495,waldir,0.0088,17780,sim
masculino,496,clayton,0.0087,17728,sim
masculino,497,walisson,0.0087,17700,não
masculino,498,cleberson,0.0086,17506,não
masculino,499,erinaldo,0.0086,17437,não
masculino,500,marcel,0.0085,17355,sim
masculino,501,valdenir,0.0085,17257,não
masculino,502,aroldo,0.0085,17246,sim
masculino,503,ronildo,0.0085,17230,não
masculino,504,romeu,0.0084,17160,sim
masculino,505,edmundo,0.0084,17133,sim
masculino,506,emilio,0.0084,17122,sim
masculino,506,adalto,0.0084,17122,sim
masculino,508,oseias,0.0084,16998,sim
masculino,509,deivison,0.0083,16944,não
masculino,510,joaquin,0.0083,16898,não
masculino,511,oswaldo,0.0083,16818,sim
masculino,512,olavo,0.0083,16797,sim
masculino,513,welliton,0.0083,16776,não
masculino,514,josinaldo,0.0082,16735,não
masculino,515,mariano,0.0082,16660,sim
masculino,516,felix,0.0082,16640,sim
masculino,517,anselmo,0.0082,16623,sim
masculino,518,enrico,0.0082,16587,não
masculino,519,cosmo,0.0081,16444,sim
masculino,520,railson,0.0081,16349,não
masculino,521,eitor,0.008,16339,não
masculino,522,antenor,0.008,16336,sim
masculino,523,franklin,0.008,16259,sim
masculino,524,aurelio,0.008,16255,sim
masculino,525,oliver,0.008,16218,sim
masculino,526,rosivaldo,0.008,16182,não
masculino,527,natalino,0.0079,16020,sim
masculino,528,weslley,0.0079,16002,sim
masculino,529,erivan,0.0078,15861,sim
masculino,530,aluisio,0.0078,15827,sim
masculino,531,izaias,0.0078,15807,sim
masculino,532,dilson,0.0078,15776,sim
masculino,533,sidinei,0.0078,15752,não
masculino,534,ernesto,0.0077,15733,sim
masculino,535,josivan,0.0077,15723,não
masculino,536,ezequias,0.0077,15713,sim
masculino,537,carlito,0.0077,15697,sim
masculino,538,ygor,0.0077,15679,sim
masculino,539,wenderson,0.0077,15625,não
masculino,539,gildo,0.0077,15625,sim
masculino,539,dimas,0.0077,15625,sim
masculino,542,leomar,0.0077,15602,sim
masculino,543,frank,0.0077,15579,sim
masculino,544,warley,0.0077,15574,não
masculino,545,edenilson,0.0076,15505,não
masculino,546,salomao,0.0076,15446,sim
masculino,547,erasmo,0.0075,15278,sim
masculino,548,noel,0.0075,15235,sim
masculino,549,keven,0.0075,15197,não
masculino,550,adryan,0.0075,15169,sim
masculino,551,heleno,0.0075,15134,sim
masculino,552,walison,0.0074,15116,não
masculino,553,mizael,0.0074,15103,não
masculino,554,iran,0.0073,14925,sim
masculino,555,talison,0.0073,14916,não
masculino,556,marcone,0.0073,14895,sim
masculino,557,alceu,0.0073,14812,sim
masculino,558,dione,0.0073,14790,sim
masculino,559,adeilson,0.0073,14784,não
masculino,560,henzo,0.0072,14625,não
masculino,561,gleidson,0.0072,14555,sim
masculino,562,santiago,0.0072,14553,sim
masculino,563,otacilio,0.0072,14548,sim
masculino,564,ronilson,0.0072,14531,não
masculino,565,dionisio,0.0071,14455,sim
masculino,566,maxuel,0.0071,14447,não
masculino,567,ananias,0.0071,14433,sim
masculino,568,aldemir,0.0071,14347,não
masculino,569,helder,0.0071,14323,sim
masculino,570,nilo,0.007,14257,sim
masculino,571,henri,0.007,14195,sim
masculino,572,rinaldo,0.007,14156,sim
masculino,573,hebert,0.007,14155,sim
masculino,574,marinaldo,0.0069,14114,não
masculino,575,athur,0.0069,14047,não
masculino,576,jerson,0.0069,14009,não
masculino,577,talisson,0.0069,14008,não
masculino,578,wender,0.0069,13943,não
masculino,579,jakson,0.0068,13901,sim
masculino,580,ivaldo,0.0068,13874,sim
masculino,581,adson,0.0068,13822,sim
masculino,582,andrew,0.0068,13809,sim
masculino,583,roberio,0.0068,13796,não
masculino,584,wellinton,0.0068,13787,não
masculino,585,laerte,0.0068,13761,sim
masculino,586,elielson,0.0067,13638,não
masculino,587,genesio,0.0067,13576,sim
masculino,588,joabe,0.0067,13557,não
masculino,589,glauber,0.0067,13539,sim
masculino,590,decio,0.0066,13494,sim
masculino,591,yure,0.0066,13357,sim
masculino,592,wanderlei,0.0066,13353,sim
masculino,593,isael,0.0066,13345,não
masculino,594,adelmo,0.0066,13318,sim
masculino,595,thalles,0.0065,13271,sim
masculino,596,brendo,0.0065,13264,sim
masculino,597,weligton,0.0065,13260,não
masculino,598,mathias,0.0065,13256,sim
masculino,599,ronan,0.0065,13188,sim
masculino,600,jonathas,0.0065,13185,não
masculino,601,erico,0.0065,13178,sim
masculino,602,anisio,0.0065,13146,sim
masculino,603,franscisco,0.0065,13134,sim
masculino,604,jones,0.0065,13107,sim
masculino,605,murillo,0.0064,13031,sim
masculino,606,clebson,0.0064,13020,não
masculino,607,oziel,0.0064,13009,não
masculino,608,ewerton,0.0064,12971,sim
masculino,609,cleison,0.0064,12961,não
masculino,610,jarbas,0.0064,12916,não
masculino,611,vanderley,0.0063,12878,sim
masculino,612,paulino,0.0063,12835,sim
masculino,613,vander,0.0063,12829,sim
masculino,614,lucivaldo,0.0063,12807,não
masculino,615,lucimar,0.0063,12806,sim
masculino,616,germano,0.0063,12791,sim
masculino,617,odilon,0.0063,12770,sim
masculino,618,esmael,0.0063,12741,sim
masculino,619,genildo,0.0063,12704,não
masculino,620,plinio,0.0063,12697,sim
masculino,621,nestor,0.0062,12687,sim
masculino,622,cleyton,0.0062,12672,sim
masculino,623,adolfo,0.0062,12664,sim
masculino,624,giovanni,0.0062,12639,sim
masculino,625,iury,0.0062,12633,não
masculino,626,jeova,0.0062,12630,sim
masculino,627,helton,0.0062,12576,sim
masculino,628,edinei,0.0062,12548,não
masculino,629,kennedy,0.0062,12533,sim
masculino,630,ze,0.0062,12518,sim
masculino,631,jeronimo,0.0062,12512,sim
masculino,632,maikon,0.0061,12475,não
masculino,633,ivanilson,0.0061,12444,não
masculino,634,alexsander,0.0061,12430,não
masculino,635,josuel,0.0061,12370,não
masculino,636,mauri,0.0061,12325,não
masculino,637,erisvaldo,0.0061,12314,não
masculino,638,rael,0.0061,12295,sim
masculino,639,leonildo,0.006,12275,não
masculino,640,eloi,0.006,12258,sim
masculino,641,camilo,0.006,12229,sim
masculino,642,amadeu,0.006,12228,sim
masculino,643,kalebe,0.006,12185,não
masculino,644,ronei,0.006,12159,sim
masculino,645,rhuan,0.006,12152,não
masculino,646,admilson,0.0059,12055,não
masculino,647,valentin,0.0059,12001,não
masculino,648,vladimir,0.0059,11991,sim
masculino,649,espedito,0.0059,11982,não
masculino,650,ilson,0.0059,11926,não
masculino,651,florisvaldo,0.0059,11914,não
masculino,652,durval,0.0058,11866,sim
masculino,653,hilton,0.0058,11859,sim
masculino,654,lourenco,0.0058,11809,sim
masculino,655,atila,0.0058,11801,sim
masculino,656,renildo,0.0058,11762,não
masculino,657,euripedes,0.0058,11750,não
masculino,658,leonidas,0.0058,11745,sim
masculino,659,ciro,0.0058,11734,sim
masculino,660,josafa,0.0058,11731,sim
masculino,661,eudes,0.0058,11728,sim
masculino,662,mailson,0.0057,11617,não
masculino,663,waldemar,0.0057,11613,sim
masculino,664,junio,0.0057,11592,sim
masculino,665,jurandi,0.0057,11568,não
masculino,666,evanildo,0.0057,11540,não
masculino,667,goncalo,0.0057,11489,sim
masculino,668,erivelton,0.0056,11473,não
masculino,669,arthu,0.0056,11470,não
masculino,670,ramom,0.0056,11449,sim
masculino,671,adailson,0.0056,11446,não
masculino,672,roberval,0.0056,11332,não
masculino,673,valmor,0.0056,11326,não
masculino,674,ernandes,0.0056,11325,não
masculino,675,jader,0.0056,11312,sim
masculino,676,adeilton,0.0055,11263,não
masculino,677,cloves,0.0055,11262,não
masculino,678,braz,0.0055,11198,sim
masculino,679,teodoro,0.0055,11189,sim
masculino,680,agostinho,0.0055,11172,sim
masculino,681,abrao,0.0055,11146,sim
masculino,682,hermes,0.0055,11124,sim
masculino,683,wendell,0.0055,11091,sim
masculino,684,diogenes,0.0055,11089,não
masculino,685,ubirajara,0.0054,11049,sim
masculino,686,aquiles,0.0054,11028,sim
masculino,687,bartolomeu,0.0054,11016,sim
masculino,688,caetano,0.0054,11001,sim
masculino,689,hector,0.0054,10999,sim
masculino,690,levy,0.0054,10992,sim
masculino,691,albino,0.0054,10991,sim
masculino,692,geronimo,0.0054,10990,sim
masculino,693,elivelton,0.0054,10962,não
masculino,694,jhonatas,0.0054,10950,sim
masculino,695,ednilson,0.0054,10939,não
masculino,696,ray,0.0054,10933,sim
masculino,697,jonatha,0.0054,10917,sim
masculino,698,hercules,0.0054,10908,sim
masculino,699,fausto,0.0054,10898,sim
masculino,700,haroldo,0.0054,10897,sim
masculino,701,ailson,0.0053,10848,não
masculino,702,antoniel,0.0053,10831,não
masculino,703,jhony,0.0053,10825,sim
masculino,704,fernado,0.0053,10814,sim
masculino,704,adonias,0.0053,10814,não
masculino,706,lenilson,0.0053,10812,sim
masculino,706,joarez,0.0053,10812,não
masculino,708,americo,0.0053,10776,sim
masculino,709,aluizio,0.0053,10769,não
masculino,710,ramiro,0.0053,10767,sim
masculino,711,eliton,0.0052,10643,não
masculino,712,jaison,0.0052,10636,sim
masculino,713,claiton,0.0052,10607,não
masculino,714,iranildo,0.0052,10590,não
masculino,715,alesandro,0.0052,10578,não
masculino,716,cristovao,0.0052,10574,sim
masculino,717,esdras,0.0052,10551,sim
masculino,718,alysson,0.0052,10528,sim
masculino,719,erique,0.0052,10494,não
masculino,720,silvestre,0.0051,10450,sim
masculino,721,elison,0.0051,10392,não
masculino,722,walmir,0.0051,10385,sim
masculino,723,ednei,0.0051,10375,não
masculino,724,kaik,0.0051,10370,não
masculino,725,vanildo,0.0051,10364,não
masculino,726,patricio,0.0051,10361,sim
masculino,727,renilson,0.0051,10360,não
masculino,728,janilson,0.0051,10342,não
masculino,729,joares,0.0051,10324,não
masculino,730,geferson,0.0051,10285,não
masculino,731,valerio,0.005,10247,sim
masculino,732,lincon,0.005,10243,sim
masculino,733,enoque,0.005,10240,sim
masculino,734,davy,0.005,10237,não
masculino,735,aristides,0.005,10112,sim
masculino,736,cristofer,0.005,10065,não
masculino,737,wander,0.0049,10040,sim
masculino,738,elenilson,0.0049,10035,não
masculino,739,lorran,0.0049,10027,sim
masculino,740,jhonny,0.0049,10024,sim
masculino,741,pierre,0.0049,10007,sim
masculino,742,martin,0.0049,9974,sim
masculino,743,ilton,0.0049,9955,não
masculino,744,valcir,0.0049,9954,sim
masculino,745,norberto,0.0049,9953,não
masculino,746,neri,0.0049,9883,sim
masculino,747,nicholas,0.0049,9864,não
masculino,748,madson,0.0048,9839,sim
masculino,749,avelino,0.0048,9825,sim
masculino,750,jacinto,0.0048,9799,sim
masculino,751,alejandro,0.0048,9797,sim
masculino,752,clecio,0.0048,9785,não
masculino,753,elinaldo,0.0048,9774,não
masculino,754,eliomar,0.0048,9766,não
masculino,755,izael,0.0048,9764,sim
masculino,756,jordan,0.0048,9749,sim
masculino,756,gentil,0.0048,9749,sim
masculino,758,vitorio,0.0048,9730,sim
masculino,759,nelio,0.0048,9727,sim
masculino,760,albert,0.0048,9720,sim
masculino,761,josevaldo,0.0047,9623,não
masculino,762,juscelino,0.0047,9613,sim
masculino,763,osni,0.0047,9596,sim
masculino,764,maicom,0.0047,9590,não
masculino,765,ataide,0.0047,9579,sim
masculino,766,jhonathan,0.0047,9570,não
masculino,767,valdemiro,0.0047,9551,não
masculino,768,noa,0.0047,9533,sim
masculino,769,simao,0.0047,9522,sim
masculino,770,johnny,0.0047,9516,sim
masculino,771,geremias,0.0047,9456,não
masculino,772,apolo,0.0046,9427,sim
masculino,773,clesio,0.0046,9417,não
masculino,774,marcondes,0.0046,9401,sim
masculino,775,rildo,0.0046,9397,sim
masculino,776,rosinaldo,0.0046,9396,não
masculino,777,valdo,0.0046,9388,sim
masculino,778,cleomar,0.0046,9386,não
masculino,779,flaviano,0.0046,9379,não
masculino,780,dener,0.0046,9317,sim
masculino,781,dionatan,0.0046,9297,não
masculino,782,edcarlos,0.0046,9264,não
masculino,782,domingo,0.0046,9264,sim
masculino,784,kayo,0.0045,9218,sim
masculino,785,samir,0.0045,9216,sim
masculino,786,abilio,0.0045,9211,não
masculino,787,jocimar,0.0045,9205,não
masculino,788,sivaldo,0.0045,9197,não
masculino,789,deusdete,0.0045,9196,não
masculino,790,pyetro,0.0045,9194,não
masculino,791,maike,0.0045,9099,sim
masculino,792,luigi,0.0045,9097,sim
masculino,793,vivaldo,0.0045,9065,não
masculino,794,rony,0.0044,9024,sim
masculino,795,candido,0.0044,8988,sim
masculino,796,gregorio,0.0044,8984,sim
masculino,797,adeildo,0.0044,8977,não
masculino,798,valentim,0.0044,8976,sim
masculino,799,francivaldo,0.0044,8949,não
masculino,800,vando,0.0044,8937,sim
masculino,800,jeovane,0.0044,8937,não
masculino,802,zacarias,0.0044,8921,sim
masculino,803,tony,0.0044,8911,sim
masculino,804,eurico,0.0044,8906,sim
masculino,805,onofre,0.0044,8900,sim
masculino,806,sandoval,0.0044,8860,sim
masculino,806,gian,0.0044,8860,sim
masculino,808,dante,0.0044,8849,sim
masculino,809,beijamim,0.0043,8759,não
masculino,810,fracisco,0.0043,8754,sim
masculino,811,noe,0.0043,8747,sim
masculino,812,assis,0.0043,8720,sim
masculino,813,ernani,0.0043,8702,sim
masculino,814,glauco,0.0043,8661,sim
masculino,815,ubiratan,0.0042,8622,sim
masculino,816,henrico,0.0042,8614,não
masculino,817,laurindo,0.0042,8603,sim
masculino,818,nildo,0.0042,8602,sim
masculino,819,thomaz,0.0042,8586,sim
masculino,820,railan,0.0042,8549,não
masculino,821,asafe,0.0042,8529,não
masculino,822,antinio,0.0042,8516,não
masculino,823,beijamin,0.0042,8508,sim
masculino,824,volnei,0.0042,8505,não
masculino,825,wallison,0.0042,8494,não
masculino,826,jadir,0.0042,8483,não
masculino,827,derik,0.0042,8478,não
masculino,828,joab,0.0042,8470,não
masculino,829,enrique,0.0042,8465,sim
masculino,830,jamerson,0.0042,8462,não
masculino,831,vanilson,0.0042,8458,não
masculino,832,sinval,0.0042,8449,sim
masculino,833,maxwell,0.0042,8432,sim
masculino,834,adenilton,0.0041,8399,não
masculino,835,joacir,0.0041,8370,não
masculino,836,nikolas,0.0041,8330,não
masculino,837,otto,0.0041,8288,sim
masculino,838,josenilton,0.0041,8277,não
masculino,839,adir,0.0041,8273,sim
masculino,840,gil,0.0041,8268,sim
masculino,841,brenno,0.0041,8226,sim
masculino,842,tauan,0.004,8207,sim
masculino,843,rosalvo,0.004,8202,não
masculino,843,kenedy,0.004,8202,sim
masculino,845,ivair,0.004,8196,não
masculino,846,newton,0.004,8180,sim
masculino,847,lino,0.004,8146,sim
masculino,848,nailton,0.004,8142,não
masculino,849,jefersson,0.004,8124,não
masculino,850,kayke,0.004,8112,não
masculino,851,nadson,0.004,8092,não
masculino,851,gledson,0.004,8092,não
masculino,853,fredson,0.004,8079,não
masculino,854,estevan,0.004,8070,não
masculino,855,ruy,0.004,8064,sim
masculino,856,jandir,0.004,8055,não
masculino,857,francimar,0.004,8050,sim
masculino,858,natal,0.004,8047,sim
masculino,859,dalton,0.004,8045,não
masculino,860,omar,0.004,8040,sim
masculino,861,nei,0.0039,8004,sim
masculino,862,martinho,0.0039,7995,sim
masculino,863,gildasio,0.0039,7955,sim
masculino,864,rangel,0.0039,7944,sim
masculino,865,rudinei,0.0039,7942,não
masculino,866,glaucio,0.0039,7936,sim
masculino,867,cleidson,0.0039,7913,não
masculino,868,maxsuel,0.0039,7900,sim
masculino,869,inaldo,0.0039,7891,não
masculino,870,romero,0.0039,7888,sim
masculino,871,ronivaldo,0.0039,7870,não
masculino,872,adelar,0.0039,7835,sim
masculino,873,ildo,0.0039,7828,sim
masculino,874,romilson,0.0038,7813,não
masculino,875,maykon,0.0038,7810,não
masculino,876,cledson,0.0038,7808,não
masculino,877,altamiro,0.0038,7779,sim
masculino,878,talles,0.0038,7774,não
masculino,879,claudecir,0.0038,7737,não
masculino,880,valderi,0.0038,7735,não
masculino,881,kayque,0.0038,7729,sim
masculino,882,marcello,0.0038,7719,sim
masculino,883,alerrandro,0.0038,7715,não
masculino,884,alcir,0.0038,7714,sim
masculino,885,ozeias,0.0038,7711,sim
masculino,886,claudir,0.0038,7693,não
masculino,887,ney,0.0038,7641,sim
masculino,888,jobson,0.0037,7599,sim
masculino,889,patrik,0.0037,7596,não
masculino,889,emersom,0.0037,7596,não
masculino,891,josenilson,0.0037,7577,não
masculino,892,rubem,0.0037,7573,sim
masculino,893,davison,0.0037,7565,não
masculino,894,saimon,0.0037,7563,sim
masculino,895,willians,0.0037,7545,sim
masculino,896,saymon,0.0037,7539,não
masculino,897,olivio,0.0037,7534,sim
masculino,898,nailson,0.0037,7529,não
masculino,899,rosenildo,0.0037,7524,não
masculino,900,wedson,0.0037,7522,não
masculino,901,altamir,0.0037,7465,não
masculino,902,romualdo,0.0037,7454,não
masculino,903,conrado,0.0037,7449,sim
masculino,904,jaco,0.0037,7442,sim
masculino,905,julho,0.0037,7413,sim
masculino,905,hilario,0.0037,7413,sim
masculino,907,tomaz,0.0036,7411,sim
masculino,908,jamil,0.0036,7406,sim
masculino,909,raniel,0.0036,7404,sim
masculino,910,herbert,0.0036,7403,sim
masculino,910,devanir,0.0036,7403,não
masculino,912,fellipe,0.0036,7401,sim
masculino,913,kayky,0.0036,7377,não
masculino,914,salatiel,0.0036,7350,sim
masculino,915,gutemberg,0.0036,7346,sim
masculino,916,adenir,0.0036,7343,sim
masculino,917,roney,0.0036,7335,sim
masculino,918,taylor,0.0036,7332,sim
masculino,919,eliabe,0.0036,7320,não
masculino,920,arildo,0.0036,7314,não
masculino,921,welison,0.0036,7309,não
masculino,922,olimpio,0.0036,7269,sim
masculino,923,nazareno,0.0036,7258,sim
masculino,924,francis,0.0036,7239,sim
masculino,925,alair,0.0036,7235,sim
masculino,926,virgilio,0.0036,7217,sim
masculino,927,alvino,0.0035,7201,não
masculino,928,juares,0.0035,7190,não
masculino,929,marino,0.0035,7173,sim
masculino,930,lorenco,0.0035,7151,não
masculino,931,leonan,0.0035,7133,sim
masculino,932,abimael,0.0035,7115,não
masculino,933,jacir,0.0035,7098,não
masculino,934,clemente,0.0035,7093,sim
masculino,935,valdevino,0.0035,7088,não
masculino,936,elismar,0.0035,7083,não
masculino,937,erike,0.0035,7065,sim
masculino,938,ancelmo,0.0035,7064,sim
masculino,938,algusto,0.0035,7064,não
masculino,940,leonir,0.0035,7054,não
masculino,941,andersom,0.0035,7051,não
masculino,942,fred,0.0035,7041,sim
masculino,943,kaun,0.0035,7033,não
masculino,944,thalisson,0.0034,6999,não
masculino,945,almiro,0.0034,6998,sim
masculino,946,elielton,0.0034,6997,não
masculino,947,vinicio,0.0034,6971,não
masculino,948,justino,0.0034,6948,sim
masculino,949,alonso,0.0034,6945,sim
masculino,950,edio,0.0034,6943,não
masculino,951,alexssandro,0.0034,6931,não
masculino,952,theodoro,0.0034,6909,sim
masculino,953,samoel,0.0034,6899,não
masculino,954,neilton,0.0034,6884,não
masculino,955,julian,0.0034,6869,sim
masculino,956,arilson,0.0034,6866,não
masculino,957,christopher,0.0034,6861,não
masculino,958,silvino,0.0034,6848,sim
masculino,959,alcimar,0.0034,6840,não
masculino,960,uanderson,0.0034,6836,sim
masculino,961,rone,0.0033,6803,sim
masculino,962,geilson,0.0033,6788,não
masculino,963,wilker,0.0033,6786,não
masculino,964,cleverton,0.0033,6771,não
masculino,965,alcione,0.0033,6767,sim
masculino,966,robison,0.0033,6747,não
masculino,967,reinan,0.0033,6726,não
masculino,968,henrrique,0.0033,6725,não
masculino,969,ariovaldo,0.0033,6721,sim
masculino,970,marconi,0.0033,6712,sim
masculino,971,albertino,0.0033,6707,sim
masculino,972,acacio,0.0033,6703,sim
masculino,973,lauri,0.0033,6671,não
masculino,974,jucelio,0.0033,6670,não
masculino,975,zaqueu,0.0033,6661,sim
masculino,976,adalton,0.0033,6649,não
masculino,977,ary,0.0033,6648,sim
masculino,978,claudiomiro,0.0033,6622,não
masculino,979,dejair,0.0033,6620,sim
masculino,980,laecio,0.0033,6615,não
masculino,980,floriano,0.0033,6615,sim
masculino,982,natalicio,0.0032,6588,sim
masculino,983,matteo,0.0032,6583,não
masculino,984,lohan,0.0032,6573,não
masculino,985,railton,0.0032,6566,não
masculino,985,gaspar,0.0032,6566,sim
masculino,987,ivanir,0.0032,6561,não
masculino,988,nycolas,0.0032,6555,não
masculino,989,narciso,0.0032,6552,sim
masculino,990,evaristo,0.0032,6551,sim
masculino,991,jaci,0.0032,6546,sim
masculino,992,edielson,0.0032,6545,não
masculino,993,igo,0.0032,6539,sim
masculino,994,edemar,0.0032,6538,não
masculino,995,lincoln,0.0032,6527,sim
masculino,996,lourenzo,0.0032,6511,não
masculino,997,claudenir,0.0032,6503,não
masculino,998,sebatiao,0.0032,6500,sim
masculino,999,elisandro,0.0032,6495,não
masculino,1000,diones,0.0032,6481,não
